{
  "timestamp": "2025-12-16T18:01:09.317743",
  "num_samples": 10,
  "offset_xy_statistics": {
    "mean": [
      0.10778424874185077,
      -1.2790623080504169
    ],
    "std": [
      3.1830094935822153,
      3.895127620864112
    ],
    "min": [
      -4.214548875970934,
      -9.573637744894995
    ],
    "max": [
      6.112319686419596,
      5.064673145217633
    ],
    "range": [
      10.32686856239053,
      14.638310890112628
    ]
  },
  "offset_z_statistics": {
    "mean": 9.929076902353655,
    "std": 13.202840343244732,
    "min": -0.036000000000000476,
    "max": 43.495427562909995,
    "range": 43.53142756291
  },
  "magnitude_statistics": {
    "mean": 4.439234080020215,
    "std": 2.6915399372835256,
    "min": 0.8073870162366744,
    "max": 10.047729144231152,
    "range": 9.240342127994477
  },
  "route_distribution": {
    "Pit": 1,
    "Lap": 9
  },
  "offset_pattern": "position_dependent_xy",
  "recommended_correction": "lookup_table_or_interpolation",
  "z_pattern": "position_dependent_z"
}