{
  "type": "affine",
  "offset": [
    4.64668824788918,
    -4.650780723124696
  ],
  "matrix": [
    [
      0.9839039579128247,
      0.0018274222828415926
    ],
    [
      0.0010947519027856402,
      0.987682955324975
    ]
  ],
  "rotation": 0.001112660887486521,
  "scale": [
    0.9839045669566994,
    0.9876846458823162
  ],
  "num_calibration_points": 100
}