{
  "lon0_deg": -121.75425693259956,
  "lat0_deg": 36.58408874456935,
  "A": [
    [
      1.0019819498065305,
      -0.012936860626684643
    ],
    [
      0.012994019977056891,
      0.9976460950290156
    ]
  ],
  "t": [
    144.4062128651851,
    -361.25544367070665
  ]
}