{
  "lon0_deg": -121.75410489021529,
  "lat0_deg": 36.58489956330333,
  "A": [
    [
      1.0183608436187874,
      -0.01502428937484013
    ],
    [
      0.012028390733969923,
      1.010100148921539
    ]
  ],
  "t": [
    155.18695150017226,
    -269.97661048023156
  ]
}